country,courts,barb2,prsexp2,prscorr2,gdpw2
Argentina,No,-0.7207754,1,3,9.69017
Australia,Yes,-6.907755,5,4,10.30484
Australia,Yes,-6.907755,5,4,10.30484
Austria,Yes,-4.910337,5,4,10.10094
Bangladesh,No,0.7759748,1,0,8.379768
Bangladesh,No,0.7759748,1,0,8.379768
Bangladesh,No,0.7759748,1,0,8.379768
Bangladesh,No,0.7759748,1,0,8.379768
Belgium,Yes,-4.617344,5,4,10.25012
Belgium,Yes,-4.617344,5,4,10.25012
Belgium,Yes,-4.617344,5,4,10.25012
Belgium,Yes,-4.617344,5,4,10.25012